"","gu","category","code","school_name","public","grade","value"
"1","서울특별시 송파구","강남권","S010006041","송례중학교","공립","total",134
"2","서울특별시 강남구","강남권","S010000705","대명중학교","공립","total",48
"3","서울특별시 강동구","비강남권","S010000864","명일중학교","공립","total",48
"4","서울특별시 강동구","비강남권","S010000869","배재중학교","사립","total",32
"5","서울특별시 강남구","강남권","S010000707","대청중학교","공립","total",31
"6","서울특별시 양천구","비강남권","S010000989","신서중학교","공립","total",27
"7","서울특별시 서대문구","비강남권","S010001955","이화여자대학교사범대학부속이화?금란중학교","사립","total",24
"8","서울특별시 서초구","강남권","S010000717","서초중학교","공립","total",23
"9","서울특별시 양천구","비강남권","S010000979","목일중학교","공립","total",22
"10","서울특별시 강서구","비강남권","S010000970","공항중학교","공립","total",22
"11","서울특별시 양천구","비강남권","S010000988","신목중학교","공립","total",20
"12","서울특별시 노원구","비강남권","S010001706","불암중학교","공립","total",20
"13","서울특별시 강남구","강남권","S010000698","개원중학교","공립","total",20
"14","서울특별시 강남구","강남권","S010000720","숙명여자중학교","사립","total",18
"15","서울특별시 중랑구","비강남권","S010001387","중화중학교","공립","total",16
"16","서울특별시 동작구","비강남권","S010002352","숭의여자중학교","사립","total",16
"17","서울특별시 송파구","강남권","S010005520","문현중학교","공립","total",15
"18","서울특별시 양천구","비강남권","S010000997","양정중학교","사립","total",15
"19","서울특별시 노원구","비강남권","S010001731","하계중학교","공립","total",14
"20","서울특별시 송파구","강남권","S010000889","정신여자중학교","사립","total",14
"21","서울특별시 서초구","강남권","S010000714","서문여자중학교","사립","total",14
"22","서울특별시 강남구","강남권","S010000713","봉은중학교","공립","total",14
"23","서울특별시 마포구","비강남권","S010001959","중암중학교","공립","total",13
"24","서울특별시 노원구","비강남권","S010005210","을지중학교","공립","total",13
"25","서울특별시 노원구","비강남권","S010001721","재현중학교","사립","total",13
"26","서울특별시 은평구","비강남권","S010001936","선일여자중학교","사립","total",13
"27","서울특별시 강동구","비강남권","S010000861","동북중학교","사립","total",13
"28","서울특별시 강북구","비강남권","S010005516","미양중학교","공립","total",13
"29","서울특별시 동작구","비강남권","S010001546","강현중학교","공립","total",13
"30","서울특별시 강남구","강남권","S010000727","언주중학교","공립","total",12
"31","서울특별시 강남구","강남권","S010000709","도곡중학교","공립","total",12
"32","서울특별시 서초구","강남권","S010000711","반포중학교","공립","total",11
"33","서울특별시 동작구","비강남권","S010001575","중앙대학교사범대학부속중학교","사립","total",11
"34","서울특별시 종로구","비강남권","S010002346","상명대학교사범대학부속여자중학교","사립","total",11
"35","서울특별시 노원구","비강남권","S010001723","중계중학교","공립","total",10
"36","서울특별시 강남구","강남권","S010000734","진선여자중학교","사립","total",10
"37","서울특별시 강남구","강남권","S010000728","역삼중학교","공립","total",9
"38","서울특별시 동작구","비강남권","S010001573","장승중학교","공립","total",9
"39","서울특별시 금천구","비강남권","S010001196","한울중학교","공립","total",9
"40","서울특별시 서초구","강남권","S010000710","동덕여자중학교","사립","total",9
"41","서울특별시 용산구","비강남권","S010002354","오산중학교","사립","total",9
"42","서울특별시 강동구","비강남권","S010000863","둔촌중학교","공립","total",9
"43","서울특별시 강남구","강남권","S010000724","신사중학교","공립","total",9
"44","서울특별시 용산구","비강남권","S010002362","한강중학교","공립","total",9
"45","서울특별시 강서구","비강남권","S010000986","송정중학교","공립","total",9
"46","서울특별시 송파구","강남권","S010000880","신천중학교","공립","total",8
"47","서울특별시 송파구","강남권","S010000877","송파중학교","공립","total",8
"48","서울특별시 영등포구","비강남권","S010001195","윤중중학교","공립","total",8
"49","서울특별시 마포구","비강남권","S010006282","아현중학교부설방송통신중학교","공립","total",8
"50","서울특별시 성동구","비강남권","S010002154","무학중학교","공립","total",7
"51","서울특별시 도봉구","비강남권","S010001712","선덕중학교","사립","total",7
"52","서울특별시 노원구","비강남권","S010001729","청원중학교","사립","total",7
"53","서울특별시 송파구","강남권","S010000870","보성중학교","사립","total",7
"54","서울특별시 종로구","비강남권","S010002344","배화여자중학교","사립","total",7
"55","서울특별시 구로구","비강남권","S010001194","우신중학교","사립","total",7
"56","서울특별시 강남구","강남권","S010000736","휘문중학교","사립","total",6
"57","서울특별시 성북구","비강남권","S000003514","서울대학교사범대학부설중학교","국립","total",6
"58","서울특별시 양천구","비강남권","S010000978","목동중학교","공립","total",5
"59","서울특별시 서초구","강남권","S010000722","신동중학교","공립","total",5
"60","서울특별시 강서구","비강남권","S010001003","화원중학교","공립","total",5
"61","서울특별시 영등포구","비강남권","S010001185","양화중학교","공립","total",5
"62","서울특별시 동대문구","비강남권","S010001363","경희여자중학교","사립","total",5
"63","서울특별시 송파구","강남권","S010000866","방산중학교","공립","total",5
"64","서울특별시 서초구","강남권","S010000712","방배중학교","공립","total",5
"65","서울특별시 성북구","비강남권","S010002286","한성여자중학교","사립","total",5
"66","서울특별시 동작구","비강남권","S010001562","사당중학교","공립","total",5
"67","서울특별시 은평구","비강남권","S010001942","숭실중학교","사립","total",5
"68","서울특별시 성북구","비강남권","S010002280","용문중학교","사립","total",5
"69","서울특별시 서초구","강남권","S010000718","세화여자중학교","사립","total",4
"70","서울특별시 강서구","비강남권","S010000972","덕원중학교","사립","total",4
"71","서울특별시 노원구","비강남권","S010001730","태랑중학교","공립","total",4
"72","서울특별시 송파구","강남권","S010000881","아주중학교","공립","total",4
"73","서울특별시 강동구","비강남권","S010005526","강명중학교","공립","total",4
"74","서울특별시 양천구","비강남권","S010001000","영도중학교","사립","total",4
"75","서울특별시 도봉구","비강남권","S010001698","노곡중학교","공립","total",4
"76","서울특별시 강서구","비강남권","S010005596","마곡중학교","공립","total",4
"77","서울특별시 중랑구","비강남권","S010001389","태릉중학교","공립","total",4
"78","서울특별시 관악구","비강남권","S010001547","관악중학교","공립","total",4
"79","서울특별시 서대문구","비강남권","S010001956","인창중학교","사립","total",4
"80","서울특별시 강남구","강남권","S010000706","대왕중학교","공립","total",3
"81","서울특별시 성북구","비강남권","S010002264","고려대학교사범대학부속중학교","사립","total",3
"82","서울특별시 서초구","강남권","S010000723","신반포중학교","공립","total",3
"83","서울특별시 노원구","비강남권","S010001724","중원중학교","공립","total",3
"84","서울특별시 마포구","비강남권","S010001929","동도중학교","사립","total",3
"85","서울특별시 강남구","강남권","S010000733","중동중학교","사립","total",3
"86","서울특별시 금천구","비강남권","S010001176","동일중학교","사립","total",3
"87","서울특별시 동작구","비강남권","S010001564","상현중학교","공립","total",3
"88","서울특별시 동대문구","비강남권","S010001382","전농중학교","공립","total",3
"89","서울특별시 종로구","비강남권","S000003562","서울대학교사범대학부설여자중학교","국립","total",3
"90","서울특별시 서대문구","비강남권","S010001944","신연중학교","공립","total",3
"91","서울특별시 종로구","비강남권","S010002339","대신중학교","사립","total",3
"92","서울특별시 관악구","비강남권","S010001548","광신중학교","사립","total",3
"93","서울특별시 강서구","비강남권","S010000984","삼정중학교","공립","total",3
"94","서울특별시 동대문구","비강남권","S010001373","성일중학교","공립","total",3
"95","서울특별시 은평구","비강남권","S010001926","구산중학교","공립","total",2
"96","서울특별시 성북구","비강남권","S010002274","성신여자중학교","사립","total",2
"97","서울특별시 강북구","비강남권","S010002275","성암여자중학교","사립","total",2
"98","서울특별시 노원구","비강남권","S010001699","노원중학교","공립","total",2
"99","서울특별시 서대문구","비강남권","S010005519","인왕중학교","공립","total",2
"100","서울특별시 광진구","비강남권","S010002151","대원국제중학교","사립","total",2
"101","서울특별시 용산구","비강남권","S010002356","용산중학교","공립","total",2
"102","서울특별시 관악구","비강남권","S010001569","삼성중학교","공립","total",2
"103","서울특별시 성동구","비강남권","S010005212","경일중학교","공립","total",2
"104","서울특별시 중구","비강남권","S010002360","창덕여자중학교","공립","total",2
"105","서울특별시 중구","비강남권","S010002364","환일중학교","사립","total",2
"106","서울특별시 양천구","비강남권","S010001001","월촌중학교","공립","total",1
"107","서울특별시 양천구","비강남권","S010000971","금옥중학교","공립","total",1
"108","서울특별시 노원구","비강남권","S010001710","상명중학교","사립","total",1
"109","서울특별시 노원구","비강남권","S010001709","상계중학교","공립","total",1
"110","서울특별시 노원구","비강남권","S010001719","온곡중학교","공립","total",1
"111","서울특별시 성북구","비강남권","S010002283","장위중학교","공립","total",1
"112","서울특별시 성북구","비강남권","S010002284","종암중학교","공립","total",1
"113","서울특별시 강서구","비강남권","S010000977","명덕여자중학교","사립","total",1
"114","서울특별시 양천구","비강남권","S010000996","양서중학교","공립","total",1
"115","서울특별시 성동구","비강남권","S010002161","한양대학교사범대학부속중학교","사립","total",1
"116","서울특별시 송파구","강남권","S010000886","일신여자중학교","사립","total",1
"117","서울특별시 은평구","비강남권","S010001949","연천중학교","공립","total",1
"118","서울특별시 용산구","비강남권","S010002343","배문중학교","사립","total",1
"119","서울특별시 강서구","비강남권","S010000980","방원중학교","공립","total",1
"120","서울특별시 동작구","비강남권","S010001557","동작중학교","공립","total",1
"121","서울특별시 서대문구","비강남권","S010001963","한성중학교","사립","total",1
"122","서울특별시 동작구","비강남권","S010001549","국사봉중학교","공립","total",1
"123","서울특별시 관악구","비강남권","S010001552","남서울중학교","공립","total",1
"124","서울특별시 마포구","비강남권","S010001924","경성중학교","사립","total",1
"125","서울특별시 서대문구","비강남권","S010001930","동명여자중학교","사립","total",1
"126","서울특별시 관악구","비강남권","S010001565","서울문영여자중학교","사립","total",1
"127","서울특별시 중구","비강남권","S010002358","장충중학교","사립","total",1
"128","서울특별시 광진구","비강남권","S010002159","용곡중학교","공립","total",0
"129","서울특별시 서대문구","비강남권","S010001950","연희중학교","공립","total",0
"130","서울특별시 동대문구","비강남권","S010001381","장평중학교","공립","total",0
"131","서울특별시 서대문구","비강남권","S010001931","명지중학교","사립","total",0
"132","서울특별시 동작구","비강남권","S010001566","성남중학교","사립","total",0
"133","서울특별시 은평구","비강남권","S010001952","예일여자중학교","사립","total",0
"134","서울특별시 중랑구","비강남권","S010001370","면목중학교","공립","total",0
"135","서울특별시 중랑구","비강남권","S010001378","용마중학교","공립","total",0
"136","서울특별시 도봉구","비강남권","S010001715","신방학중학교","공립","total",0
"137","서울특별시 구로구","비강남권","S010001170","구일중학교","공립","total",0
"138","서울특별시 도봉구","비강남권","S010001705","북서울중학교","공립","total",0
"139","서울특별시 영등포구","비강남권","S010001172","당산서중학교","공립","total",0
"140","서울특별시 강북구","비강남권","S010002285","창문여자중학교","사립","total",0
"141","서울특별시 강서구","비강남권","S010000975","등촌중학교","사립","total",0
"142","서울특별시 강북구","비강남권","S010002279","영훈국제중학교","사립","total",0
"143","서울특별시 동대문구","비강남권","S010001365","대광중학교","사립","total",0
"144","서울특별시 서대문구","비강남권","S010001946","연북중학교","공립","total",0
"145","서울특별시 성동구","비강남권","S010005240","마장중학교","공립","total",0
"146","서울특별시 송파구","강남권","S010000892","풍납중학교","공립","total",0
"147","서울특별시 용산구","비강남권","S010002351","성심여자중학교","사립","total",0
"148","서울특별시 서대문구","비강남권","S010001960","중앙여자중학교","사립","total",0
"149","서울특별시 중구","비강남권","S010002341","덕수중학교","공립","total",0
"150","서울특별시 종로구","비강남권","S010002340","덕성여자중학교","사립","total",0
"151","서울특별시 광진구","비강남권","S010005286","양진중학교","공립","total",-1
"152","서울특별시 성동구","비강남권","S010002149","광희중학교","공립","total",-1
"153","서울특별시 중랑구","비강남권","S010001376","신현중학교","공립","total",-1
"154","서울특별시 강동구","비강남권","S010000896","한영중학교","사립","total",-1
"155","서울특별시 구로구","비강남권","S010005571","천왕중학교","공립","total",-1
"156","서울특별시 영등포구","비강남권","S010001190","영원중학교","공립","total",-1
"157","서울특별시 마포구","비강남권","S010001939","성산중학교","공립","total",-1
"158","서울특별시 서초구","강남권","S010000732","이수중학교","공립","total",-1
"159","서울특별시 광진구","비강남권","S010002153","동국대학교사범대학부속여자중학교","사립","total",-1
"160","서울특별시 구로구","비강남권","S010001166","개봉중학교","공립","total",-1
"161","서울특별시 구로구","비강남권","S010001193","오류중학교","공립","total",-1
"162","서울특별시 강북구","비강남권","S010002278","신일중학교","사립","total",-1
"163","서울특별시 송파구","강남권","S010000893","풍성중학교","공립","total",-1
"164","서울특별시 동작구","비강남권","S010001571","영등포중학교","공립","total",-1
"165","서울특별시 강서구","비강남권","S010000982","백석중학교","공립","total",-2
"166","서울특별시 노원구","비강남권","S010001732","한천중학교","공립","total",-2
"167","서울특별시 노원구","비강남권","S010001708","상계제일중학교","공립","total",-2
"168","서울특별시 강서구","비강남권","S010005497","수명중학교","공립","total",-2
"169","서울특별시 강동구","비강남권","S010000874","성내중학교","공립","total",-2
"170","서울특별시 도봉구","비강남권","S010001702","도봉중학교","공립","total",-2
"171","서울특별시 성북구","비강남권","S010005271","개운중학교","공립","total",-2
"172","서울특별시 동대문구","비강남권","S010001364","경희중학교","사립","total",-2
"173","서울특별시 강동구","비강남권","S010000858","강일중학교","공립","total",-2
"174","서울특별시 성북구","비강남권","S010002270","삼선중학교","공립","total",-2
"175","서울특별시 은평구","비강남권","S010001928","덕산중학교","공립","total",-2
"176","서울특별시 강북구","비강남권","S010002277","수유중학교","공립","total",-2
"177","서울특별시 성동구","비강남권","S010002152","동마중학교","공립","total",-2
"178","서울특별시 강남구","강남권","S010000735","청담중학교","공립","total",-2
"179","서울특별시 송파구","강남권","S010000873","석촌중학교","공립","total",-2
"180","서울특별시 성북구","비강남권","S010002265","고명중학교","사립","total",-2
"181","서울특별시 중구","비강남권","S010002337","금호여자중학교","공립","total",-2
"182","서울특별시 중구","비강남권","S010002338","대경중학교","사립","total",-2
"183","서울특별시 종로구","비강남권","S010002336","경신중학교","사립","total",-2
"184","서울특별시 종로구","비강남권","S010002359","중앙중학교","사립","total",-2
"185","서울특별시 강서구","비강남권","S010000969","공진중학교","공립","total",-2
"186","서울특별시 구로구","비강남권","S010001168","고척중학교","공립","total",-3
"187","서울특별시 서초구","강남권","S010000730","원촌중학교","공립","total",-3
"188","서울특별시 강서구","비강남권","S010000973","등명중학교","공립","total",-3
"189","서울특별시 영등포구","비강남권","S010001187","영남중학교","공립","total",-3
"190","서울특별시 구로구","비강남권","S010001192","경인중학교","공립","total",-3
"191","서울특별시 강동구","비강남권","S010000875","성덕여자중학교","사립","total",-3
"192","서울특별시 강남구","강남권","S010000704","단국대학교사범대학부속중학교","사립","total",-3
"193","서울특별시 은평구","비강남권","S010001948","연신중학교","공립","total",-3
"194","서울특별시 중랑구","비강남권","S010001391","혜원여자중학교","사립","total",-3
"195","서울특별시 광진구","비강남권","S010002146","광양중학교","공립","total",-3
"196","서울특별시 중랑구","비강남권","S010001380","장안중학교","공립","total",-3
"197","서울특별시 동대문구","비강남권","S010001392","휘경여자중학교","사립","total",-3
"198","서울특별시 양천구","비강남권","S010000983","봉영여자중학교","사립","total",-3
"199","서울특별시 영등포구","비강남권","S010001184","선유중학교","공립","total",-3
"200","서울특별시 도봉구","비강남권","S010001722","정의여자중학교","사립","total",-3
"201","서울특별시 강남구","강남권","S010000719","수서중학교","공립","total",-3
"202","서울특별시 동대문구","비강남권","S010001393","휘경중학교","공립","total",-3
"203","서울특별시 강남구","강남권","S010000731","은성중학교","사립","total",-3
"204","서울특별시 동작구","비강남권","S010001553","남성중학교","공립","total",-3
"205","서울특별시 마포구","비강남권","S010001925","광성중학교","사립","total",-3
"206","서울특별시 강남구","강남권","S010000721","신구중학교","공립","total",-3
"207","서울특별시 성동구","비강남권","S010002155","성수중학교","공립","total",-3
"208","서울특별시 중구","비강남권","S010002357","장원중학교","공립","total",-3
"209","서울특별시 은평구","비강남권","S010001937","선정중학교","사립","total",-4
"210","서울특별시 동대문구","비강남권","S010001368","동대문중학교","공립","total",-4
"211","서울특별시 강서구","비강남권","S010005287","염경중학교","공립","total",-4
"212","서울특별시 광진구","비강남권","S010002143","건국대학교사범대학부속중학교","사립","total",-4
"213","서울특별시 도봉구","비강남권","S010001704","백운중학교","공립","total",-4
"214","서울특별시 강서구","비강남권","S010000992","신정여자중학교","사립","total",-4
"215","서울특별시 강동구","비강남권","S010000895","한산중학교","공립","total",-4
"216","서울특별시 마포구","비강남권","S010001943","신수중학교","공립","total",-4
"217","서울특별시 노원구","비강남권","S010001718","염광중학교","사립","total",-4
"218","서울특별시 동작구","비강남권","S010001558","문창중학교","공립","total",-4
"219","서울특별시 노원구","비강남권","S010001716","신상중학교","공립","total",-4
"220","서울특별시 강북구","비강남권","S010002288","화계중학교","공립","total",-4
"221","서울특별시 강남구","강남권","S010000702","압구정중학교","공립","total",-4
"222","서울특별시 중랑구","비강남권","S010001377","영란여자중학교","사립","total",-4
"223","서울특별시 마포구","비강남권","S010005569","창천중학교","공립","total",-4
"224","서울특별시 광진구","비강남권","S010002157","신양중학교","공립","total",-4
"225","서울특별시 관악구","비강남권","S010001568","신관중학교","공립","total",-4
"226","서울특별시 용산구","비강남권","S010002353","신광여자중학교","사립","total",-4
"227","서울특별시 중랑구","비강남권","S010001374","송곡여자중학교","사립","total",-4
"228","서울특별시 중랑구","비강남권","S010001379","원묵중학교","공립","total",-5
"229","서울특별시 노원구","비강남권","S010001696","공릉중학교","공립","total",-5
"230","서울특별시 은평구","비강남권","S010001962","충암중학교","사립","total",-5
"231","서울특별시 송파구","강남권","S010000856","가락중학교","공립","total",-5
"232","서울특별시 송파구","강남권","S010000884","오륜중학교","공립","total",-5
"233","서울특별시 강동구","비강남권","S010005540","강동중학교","공립","total",-5
"234","서울특별시 용산구","비강남권","S010002350","선린중학교","공립","total",-5
"235","서울특별시 노원구","비강남권","S010001700","노일중학교","공립","total",-5
"236","서울특별시 서초구","강남권","S010000725","언남중학교","공립","total",-5
"237","서울특별시 서대문구","비강남권","S010001958","정원여자중학교","사립","total",-5
"238","서울특별시 중랑구","비강남권","S010001386","중랑중학교","공립","total",-5
"239","서울특별시 동작구","비강남권","S010001545","강남중학교","공립","total",-5
"240","서울특별시 마포구","비강남권","S010001945","아현중학교","공립","total",-5
"241","서울특별시 마포구","비강남권","S010001935","서울여자중학교","공립","total",-5
"242","서울특별시 성북구","비강남권","S010002269","북악중학교","공립","total",-5
"243","서울특별시 강서구","비강남권","S010000981","방화중학교","공립","total",-5
"244","서울특별시 금천구","비강남권","S010001183","안천중학교","공립","total",-5
"245","서울특별시 마포구","비강남권","S010001941","숭문중학교","사립","total",-5
"246","서울특별시 강서구","비강남권","S010000974","등원중학교","공립","total",-5
"247","서울특별시 관악구","비강남권","S010001570","신림중학교","공립","total",-5
"248","서울특별시 강서구","비강남권","S010000985","성재중학교","공립","total",-5
"249","서울특별시 종로구","비강남권","S010002342","동성중학교","사립","total",-5
"250","서울특별시 중랑구","비강남권","S010001369","동원중학교","공립","total",-5
"251","서울특별시 강서구","비강남권","S010000968","경서중학교","공립","total",-5
"252","서울특별시 서초구","강남권","S010000716","서일중학교","공립","total",-6
"253","서울특별시 은평구","비강남권","S010001927","대성중학교","사립","total",-6
"254","서울특별시 송파구","강남권","S010000871","보인중학교","사립","total",-6
"255","서울특별시 관악구","비강남권","S010001567","성보중학교","사립","total",-6
"256","서울특별시 송파구","강남권","S010000865","문정중학교","공립","total",-6
"257","서울특별시 송파구","강남권","S010000876","세륜중학교","공립","total",-6
"258","서울특별시 은평구","비강남권","S010001933","상신중학교","공립","total",-6
"259","서울특별시 금천구","비강남권","S010001179","문일중학교","사립","total",-6
"260","서울특별시 노원구","비강남권","S010001717","신창중학교","공립","total",-6
"261","서울특별시 금천구","비강남권","S010001171","난곡중학교","공립","total",-6
"262","서울특별시 동작구","비강남권","S010001556","동양중학교","사립","total",-6
"263","서울특별시 강북구","비강남권","S010002271","서라벌중학교","사립","total",-6
"264","서울특별시 금천구","비강남권","S010001181","시흥중학교","공립","total",-7
"265","서울특별시 용산구","비강남권","S010002355","용강중학교","공립","total",-7
"266","서울특별시 도봉구","비강남권","S010001726","창동중학교","공립","total",-7
"267","서울특별시 성북구","비강남권","S010005595","길음중학교","공립","total",-7
"268","서울특별시 광진구","비강남권","S010002147","광장중학교","공립","total",-7
"269","서울특별시 강남구","강남권","S010000701","구룡중학교","공립","total",-7
"270","서울특별시 도봉구","비강남권","S010001727","창북중학교","공립","total",-7
"271","서울특별시 강서구","비강남권","S010001002","화곡중학교","사립","total",-7
"272","서울특별시 성북구","비강남권","S010002281","월곡중학교","공립","total",-7
"273","서울특별시 송파구","강남권","S010000857","가원중학교","공립","total",-7
"274","서울특별시 은평구","비강남권","S010001947","연서중학교","공립","total",-7
"275","서울특별시 노원구","비강남권","S010001697","광운중학교","사립","total",-7
"276","서울특별시 노원구","비강남권","S010001701","녹천중학교","공립","total",-7
"277","서울특별시 도봉구","비강남권","S010005289","효문중학교","공립","total",-7
"278","서울특별시 동대문구","비강남권","S010001383","전동중학교","공립","total",-7
"279","서울특별시 강북구","비강남권","S010002263","강북중학교","공립","total",-7
"280","서울특별시 마포구","비강남권","S010001965","홍익대학교사범대학부속여자중학교","사립","total",-7
"281","서울특별시 송파구","강남권","S010000882","영파여자중학교","사립","total",-7
"282","서울특별시 동대문구","비강남권","S010001375","숭인중학교","공립","total",-7
"283","서울특별시 구로구","비강남권","S010001182","신도림중학교","공립","total",-8
"284","서울특별시 도봉구","비강남권","S010001728","창일중학교","공립","total",-8
"285","서울특별시 양천구","비강남권","S010000998","양천중학교","공립","total",-8
"286","서울특별시 은평구","비강남권","S010001953","은평중학교","공립","total",-8
"287","서울특별시 성동구","비강남권","S010002158","옥정중학교","공립","total",-8
"288","서울특별시 마포구","비강남권","S010001938","성사중학교","공립","total",-8
"289","서울특별시 도봉구","비강남권","S010001703","방학중학교","공립","total",-8
"290","서울특별시 관악구","비강남권","S010001559","미성중학교","공립","total",-8
"291","서울특별시 서대문구","비강남권","S010001964","홍은중학교","공립","total",-8
"292","서울특별시 성북구","비강남권","S010002267","동구여자중학교","사립","total",-8
"293","서울특별시 종로구","비강남권","S010002361","청운중학교","공립","total",-8
"294","서울특별시 성북구","비강남권","S010002287","홍익대학교사범대학부속중학교","사립","total",-8
"295","서울특별시 광진구","비강남권","S010002148","광진중학교","공립","total",-8
"296","서울특별시 금천구","비강남권","S010001178","문성중학교","공립","total",-8
"297","서울특별시 양천구","비강남권","S010000990","신원중학교","공립","total",-8
"298","서울특별시 양천구","비강남권","S010000991","신월중학교","공립","total",-9
"299","서울특별시 은평구","비강남권","S010001951","영락중학교","사립","total",-9
"300","서울특별시 영등포구","비강남권","S010001174","대림중학교","공립","total",-9
"301","서울특별시 구로구","비강남권","S010001191","오남중학교","공립","total",-9
"302","서울특별시 강서구","비강남권","S010000976","마포중학교","사립","total",-9
"303","서울특별시 강북구","비강남권","S010002282","인수중학교","공립","total",-9
"304","서울특별시 동대문구","비강남권","S010001384","전일중학교","공립","total",-9
"305","서울특별시 노원구","비강남권","S010001720","월계중학교","공립","total",-9
"306","서울특별시 서대문구","비강남권","S010001934","서연중학교","공립","total",-9
"307","서울특별시 용산구","비강남권","S010002345","보성여자중학교","사립","total",-9
"308","서울특별시 중랑구","비강남권","S010001371","봉화중학교","공립","total",-9
"309","서울특별시 성동구","비강남권","S010002156","성원중학교","공립","total",-9
"310","서울특별시 동대문구","비강남권","S010001385","정화여자중학교","사립","total",-9
"311","서울특별시 양천구","비강남권","S010000994","양강중학교","공립","total",-10
"312","서울특별시 광진구","비강남권","S010002160","자양중학교","공립","total",-10
"313","서울특별시 강동구","비강남권","S010000890","천일중학교","공립","total",-10
"314","서울특별시 송파구","강남권","S010000885","오주중학교","공립","total",-10
"315","서울특별시 마포구","비강남권","S010001940","성서중학교","공립","total",-10
"316","서울특별시 영등포구","비강남권","S010001177","문래중학교","공립","total",-10
"317","서울특별시 도봉구","비강남권","S010001714","신도봉중학교","공립","total",-10
"318","서울특별시 강동구","비강남권","S010000862","동신중학교","사립","total",-10
"319","서울특별시 관악구","비강남권","S010001561","봉원중학교","공립","total",-10
"320","서울특별시 송파구","강남권","S010000883","오금중학교","공립","total",-10
"321","서울특별시 영등포구","비강남권","S010001173","당산중학교","공립","total",-10
"322","서울특별시 중구","비강남권","S010002363","한양중학교","사립","total",-10
"323","서울특별시 양천구","비강남권","S010000995","양동중학교","공립","total",-11
"324","서울특별시 강동구","비강남권","S010000878","신명중학교","공립","total",-11
"325","서울특별시 관악구","비강남권","S010001572","인헌중학교","공립","total",-11
"326","서울특별시 노원구","비강남권","S010001707","상경중학교","공립","total",-11
"327","서울특별시 송파구","강남권","S010000868","배명중학교","사립","total",-11
"328","서울특별시 양천구","비강남권","S010000987","신남중학교","공립","total",-11
"329","서울특별시 은평구","비강남권","S010001932","불광중학교","공립","total",-11
"330","서울특별시 성북구","비강남권","S010005612","숭곡중학교","공립","total",-11
"331","서울특별시 송파구","강남권","S010000867","방이중학교","공립","total",-11
"332","서울특별시 동대문구","비강남권","S010001367","동국대학교사범대학부속중학교","사립","total",-11
"333","서울특별시 노원구","비강남권","S010001713","수락중학교","공립","total",-11
"334","서울특별시 송파구","강남권","S010004058","서울체육중학교","공립","total",-11
"335","서울특별시 서초구","강남권","S010000700","경원중학교","공립","total",-12
"336","서울특별시 중랑구","비강남권","S010001372","상봉중학교","공립","total",-12
"337","서울특별시 강북구","비강남권","S010002268","번동중학교","공립","total",-12
"338","서울특별시 동대문구","비강남권","S010001388","청량중학교","공립","total",-12
"339","서울특별시 강남구","강남권","S010000726","언북중학교","공립","total",-12
"340","서울특별시 은평구","비강남권","S010005510","진관중학교","공립","total",-13
"341","서울특별시 서대문구","비강남권","S010005592","가재울중학교","공립","total",-13
"342","서울특별시 성북구","비강남권","S010002266","남대문중학교","사립","total",-13
"343","서울특별시 강남구","강남권","S010000708","대치중학교","공립","total",-13
"344","서울특별시 성동구","비강남권","S010002162","행당중학교","공립","total",-13
"345","서울특별시 노원구","비강남권","S010001725","중평중학교","공립","total",-14
"346","서울특별시 서초구","강남권","S010000715","서운중학교","공립","total",-14
"347","서울특별시 강남구","강남권","S010005829","세곡중학교","공립","total",-14
"348","서울특별시 강동구","비강남권","S010000879","신암중학교","공립","total",-14
"349","서울특별시 관악구","비강남권","S010001550","난우중학교","공립","total",-14
"350","서울특별시 강동구","비강남권","S010000891","천호중학교","공립","total",-14
"351","서울특별시 관악구","비강남권","S010001551","남강중학교","사립","total",-14
"352","서울특별시 양천구","비강남권","S010005515","목운중학교","공립","total",-15
"353","서울특별시 동작구","비강남권","S010001563","상도중학교","공립","total",-15
"354","서울특별시 은평구","비강남권","S010001961","증산중학교","공립","total",-15
"355","서울특별시 금천구","비강남권","S010001165","가산중학교","공립","total",-15
"356","서울특별시 금천구","비강남권","S010001180","세일중학교","공립","total",-15
"357","서울특별시 관악구","비강남권","S010001560","봉림중학교","공립","total",-15
"358","서울특별시 송파구","강남권","S010000887","잠신중학교","공립","total",-16
"359","서울특별시 강북구","비강남권","S010005180","삼각산중학교","공립","total",-16
"360","서울특별시 양천구","비강남권","S010000967","강신중학교","공립","total",-16
"361","서울특별시 노원구","비강남권","S010001711","상원중학교","공립","total",-16
"362","서울특별시 구로구","비강남권","S010001169","구로중학교","공립","total",-16
"363","서울특별시 성동구","비강남권","S010002144","경수중학교","공립","total",-16
"364","서울특별시 강동구","비강남권","S010000860","고덕중학교","공립","total",-16
"365","서울특별시 광진구","비강남권","S010002145","광남중학교","공립","total",-17
"366","서울특별시 영등포구","비강남권","S010001186","여의도중학교","공립","total",-17
"367","서울특별시 양천구","비강남권","S010000993","신화중학교","공립","total",-17
"368","서울특별시 구로구","비강남권","S010001167","개웅중학교","공립","total",-17
"369","서울특별시 관악구","비강남권","S010001554","당곡중학교","공립","total",-17
"370","서울특별시 강동구","비강남권","S010000872","상일여자중학교","사립","total",-17
"371","서울특별시 서초구","강남권","S010000729","영동중학교","공립","total",-18
"372","서울특별시 광진구","비강남권","S010002150","구의중학교","공립","total",-18
"373","서울특별시 관악구","비강남권","S010005211","구암중학교","공립","total",-19
"374","서울특별시 강서구","비강남권","S010000999","염창중학교","공립","total",-19
"375","서울특별시 구로구","비강남권","S010001188","영림중학교","공립","total",-21
"376","서울특별시 구로구","비강남권","S010001189","영서중학교","공립","total",-23
"377","서울특별시 성북구","비강남권","S010002273","석관중학교","공립","total",-23
"378","서울특별시 강북구","비강남권","S010002276","수송중학교","공립","total",-24
"379","서울특별시 은평구","비강남권","S010005561","신도중학교","공립","total",-26
"380","서울특별시 송파구","강남권","S010000888","잠실중학교","공립","total",-28
"381","서울특별시 영등포구","비강남권","S010001175","대영중학교","공립","total",-28
"382","서울특별시 동작구","비강남권","S010001555","대방중학교","공립","total",-32
"383","서울특별시 마포구","비강남권","S010005366","상암중학교","공립","total",-46
"384","서울특별시 송파구","강남권","S010000859","거원중학교","공립","total",-90
